{
    "title": "無名の主页",
    "description": "一个默默无闻的主页",
    "keywords": "無名,个人主页",
    "author": "無名",
    "logo_img": "./img/icon/logo.png",
    "logo_text_1": "imsyy",
    "logo_text_2": "top",
    "des_title": [
        "Hello World !",
        "一个建立于 21 世纪的小站，存活于互联网的边缘"
    ],
    "des_title_change": [
        "Oops !",
        "哎呀，这都被你发现了 ( 再点击一次可关闭 )"
    ],
    "github": "imsyy",
    "qq": "1539250352",
    "email": "one@imsyy.top",
    "telegram": "bottom_user",
    "twitter": "iimmsyy",
    "weather_api": "https://www.yiketianqi.com/free/day?appid=43656176&appsecret=I42og6Lm&unescape=1",
    "link_1": [
        "https://blog.imsyy.top/",
        "fa-solid fa-blog",
        "博客"
    ],
    "link_2": [
        "https://drive.imsyy.top/",
        "fa-solid fa-cloud",
        "网盘"
    ],
    "link_3": [
        "https://blog.imsyy.top/",
        "fa-solid fa-music",
        "音乐"
    ],
    "link_4": [
        "https://nav.imsyy.top/",
        "fa-solid fa-compass",
        "起始页"
    ],
    "link_5": [
        "https://web.imsyy.top/",
        "fa-solid fa-book-bookmark",
        "网址集"
    ],
    "link_6": [
        "https://lab.imsyy.top/",
        "fa-solid fa-flask",
        "实验室"
    ],
    "wallpaper_api": [
        [
            "每日一图",
            "https://api.dujin.org/bing/1920.php"
        ],
        [
            "随机风景",
            "https://api.ixiaowai.cn/gqapi/gqapi.php"
        ],
        [
            "随机动漫",
            "https://api.ixiaowai.cn/api/api.php"
        ]
    ],
    "Copyright_year": "2020",
    "Copyright_text": "無名"
}